[{"model": "todo.customuser", "pk": 1, "fields": {"password": "pbkdf2_sha256$260000$vOOFmbIf8mUYpgLSqgM1QU$bUaV3+PpyisG021iCRE74/gQwd9uWJxfrKEfaw1YQv0=", "username": "jenny", "email": "jenny@gmail.com", "firstname": "", "lastname": "", "is_staff": false, "is_superuser": false, "last_login": "2023-11-25T12:07:32.623Z", "groups": [], "user_permissions": []}}, {"model": "todo.customuser", "pk": 3, "fields": {"password": "pbkdf2_sha256$260000$4rf09LABARkqh4Ewc73l2N$Y590SGfXoQ/Vd71R9ERXMsVr0TuSks9lWMqlJVAeOkg=", "username": "Jim", "email": "Jim@gmail.com", "firstname": "jim", "lastname": "jim", "is_staff": false, "is_superuser": false, "last_login": "2023-11-25T12:31:49.418Z", "groups": [], "user_permissions": []}}, {"model": "todo.customuser", "pk": 4, "fields": {"password": "pbkdf2_sha256$260000$kVrZi9tGC3MgZdG2uy5NAR$V5375OBwd7tXejSi5xLsaBBRkUzavq/7Rrk0/+ZtxXQ=", "username": "heba", "email": "heba@gmail.com", "firstname": "", "lastname": "", "is_staff": true, "is_superuser": true, "last_login": "2023-12-11T16:38:24.556Z", "groups": [], "user_permissions": []}}, {"model": "todo.customuser", "pk": 5, "fields": {"password": "pbkdf2_sha256$260000$FjtnrLuWMZnloIFUxxyl15$c+nIGOmZ92sypGcmsOWWJx1HwY5ZZrYIOUxAyHGEvlc=", "username": "mark", "email": "mark@gmail.com", "firstname": "mark", "lastname": "tom", "is_staff": false, "is_superuser": false, "last_login": "2023-11-25T13:48:05.261Z", "groups": [], "user_permissions": []}}, {"model": "todo.customuser", "pk": 6, "fields": {"password": "pbkdf2_sha256$260000$aVNcKdIEyZaKWA0LvFXAWn$AzM3LCI1scPaHL3I2wwlBw4MT8mX4weZaEU7L4zjNPU=", "username": "Lissy", "email": "lissy@gmail.com", "firstname": "lissy", "lastname": "A", "is_staff": false, "is_superuser": false, "last_login": "2023-12-03T21:30:39.060Z", "groups": [], "user_permissions": []}}, {"model": "todo.customuser", "pk": 7, "fields": {"password": "pbkdf2_sha256$260000$WfG0bunYprskG89Ur72zoO$l7IDVHAPstdG8zbG49Oh2rIrjtYjo6n/R0g4mRer0kk=", "username": "mona", "email": "mona@gmail.com", "firstname": "mona", "lastname": "erik", "is_staff": false, "is_superuser": false, "last_login": "2023-12-08T17:22:20.993Z", "groups": [], "user_permissions": []}}, {"model": "todo.hotel", "pk": 1, "fields": {"name": "Scandic Landvetter", "country": "Sweden", "city": "Gothenburg", "average_rating": "4.5"}}, {"model": "todo.hotel", "pk": 2, "fields": {"name": "Scandic Europa", "country": "Sweden", "city": "Gothenburg", "average_rating": "4.2"}}, {"model": "todo.hotel", "pk": 3, "fields": {"name": "Scandic Crown", "country": "Sweden", "city": "Gothenburg", "average_rating": "4.0"}}, {"model": "todo.hotel", "pk": 4, "fields": {"name": "Scandic Park", "country": "Sweden", "city": "Stockholm", "average_rating": "4.3"}}, {"model": "todo.hotel", "pk": 5, "fields": {"name": "Scandic Klara", "country": "Sweden", "city": "Stockholm", "average_rating": "4.1"}}, {"model": "todo.hotel", "pk": 6, "fields": {"name": "Scandic Grand Central", "country": "Sweden", "city": "Stockholm", "average_rating": "4.6"}}, {"model": "todo.hotel", "pk": 7, "fields": {"name": "Scandic Triangeln", "country": "Sweden", "city": "Malmö", "average_rating": "4.4"}}, {"model": "todo.hotel", "pk": 8, "fields": {"name": "Scandic Stortorget", "country": "Sweden", "city": "Malmö", "average_rating": "4.1"}}, {"model": "todo.hotel", "pk": 9, "fields": {"name": "Scandic City", "country": "Denmark", "city": "Aarhus", "average_rating": "4.3"}}, {"model": "todo.hotel", "pk": 10, "fields": {"name": "Scandic Vest", "country": "Denmark", "city": "Aarhus", "average_rating": "4.1"}}, {"model": "todo.hotel", "pk": 11, "fields": {"name": "Scandic The Mayor", "country": "Denmark", "city": "Aarhus", "average_rating": "4.2"}}, {"model": "todo.hotel", "pk": 12, "fields": {"name": "Scandic Palace Hotel", "country": "Denmark", "city": "Copenhagen", "average_rating": "4.4"}}, {"model": "todo.hotel", "pk": 13, "fields": {"name": "Scandic Front", "country": "Denmark", "city": "Copenhagen", "average_rating": "4.0"}}, {"model": "todo.hotel", "pk": 14, "fields": {"name": "Scandic Spectrum", "country": "Denmark", "city": "Copenhagen", "average_rating": "4.5"}}, {"model": "todo.hotel", "pk": 15, "fields": {"name": "Scandic Kokstad", "country": "Norway", "city": "Bergen", "average_rating": "4.2"}}, {"model": "todo.hotel", "pk": 16, "fields": {"name": "Scandic Neptun", "country": "Norway", "city": "Bergen", "average_rating": "4.1"}}, {"model": "todo.hotel", "pk": 17, "fields": {"name": "Scandic Byparken", "country": "Norway", "city": "Bergen", "average_rating": "4.3"}}, {"model": "todo.hotel", "pk": 18, "fields": {"name": "Scandic Helsfyr", "country": "Norway", "city": "Oslo", "average_rating": "4.0"}}, {"model": "todo.hotel", "pk": 19, "fields": {"name": "Scandic Byporten", "country": "Norway", "city": "Oslo", "average_rating": "4.4"}}, {"model": "todo.hotel", "pk": 20, "fields": {"name": "Scandic Vulkan", "country": "Norway", "city": "Oslo", "average_rating": "4.2"}}, {"model": "todo.hotel", "pk": 21, "fields": {"name": "Scandic Ishavshotel", "country": "Norway", "city": "Tromso", "average_rating": "4.5"}}, {"model": "todo.hotel", "pk": 22, "fields": {"name": "Scandic Grand", "country": "Norway", "city": "Tromso", "average_rating": "4.1"}}, {"model": "todo.hotel", "pk": 23, "fields": {"name": "Scandic Paasi", "country": "Finland", "city": "Helsinki", "average_rating": "4.3"}}, {"model": "todo.hotel", "pk": 24, "fields": {"name": "Scandic Grand", "country": "Finland", "city": "Helsinki", "average_rating": "4.1"}}, {"model": "todo.hotel", "pk": 25, "fields": {"name": "Scandic Park", "country": "Finland", "city": "Helsinki", "average_rating": "4.2"}}, {"model": "todo.hotel", "pk": 26, "fields": {"name": "Scandic City", "country": "Finland", "city": "Tampere", "average_rating": "4.0"}}, {"model": "todo.hotel", "pk": 27, "fields": {"name": "Scandic Station", "country": "Finland", "city": "Tampere", "average_rating": "4.4"}}, {"model": "todo.hotel", "pk": 28, "fields": {"name": "Scandic Rosendahl", "country": "Finland", "city": "Tampere", "average_rating": "4.2"}}, {"model": "todo.hotel", "pk": 29, "fields": {"name": "Scandic Opera", "country": "Germany", "city": "Berlin", "average_rating": "4.2"}}, {"model": "todo.hotel", "pk": 30, "fields": {"name": "Scandic City", "country": "Germany", "city": "Berlin", "average_rating": "4.1"}}, {"model": "todo.hotel", "pk": 31, "fields": {"name": "Scandic Tower", "country": "Germany", "city": "Berlin", "average_rating": "4.3"}}, {"model": "todo.hotel", "pk": 32, "fields": {"name": "Scandic Opalen", "country": "Germany", "city": "Frankfurt", "average_rating": "4.0"}}, {"model": "todo.hotel", "pk": 33, "fields": {"name": "Scandic Center", "country": "Germany", "city": "Berlin", "average_rating": "4.4"}}, {"model": "todo.hotel", "pk": 34, "fields": {"name": "Scandic Park", "country": "Germany", "city": "Berlin", "average_rating": "4.2"}}, {"model": "todo.hotel", "pk": 35, "fields": {"name": "Scandic Centrum", "country": "Germany", "city": "Hamburg", "average_rating": "4.5"}}, {"model": "todo.hotel", "pk": 36, "fields": {"name": "Scandic Grand", "country": "Germany", "city": "Berlin", "average_rating": "4.1"}}, {"model": "todo.hotel", "pk": 37, "fields": {"name": "Scandic Station", "country": "Germany", "city": "Berlin", "average_rating": "4.3"}}, {"model": "todo.hotel", "pk": 38, "fields": {"name": "Scandic Gdansk", "country": "Poland", "city": "Gdansk", "average_rating": "4.3"}}, {"model": "todo.hotel", "pk": 39, "fields": {"name": "Scandic Park", "country": "Poland", "city": "Gdansk", "average_rating": "4.1"}}, {"model": "todo.hotel", "pk": 40, "fields": {"name": "Scandic Tower", "country": "Poland", "city": "Gdansk", "average_rating": "4.2"}}, {"model": "todo.hotel", "pk": 41, "fields": {"name": "Scandic Wroclaw", "country": "Poland", "city": "Wroclaw", "average_rating": "4.4"}}, {"model": "todo.hotel", "pk": 42, "fields": {"name": "Scandic City", "country": "Poland", "city": "Wroclaw", "average_rating": "4.0"}}, {"model": "todo.hotel", "pk": 43, "fields": {"name": "Scandic Station", "country": "Poland", "city": "Wroclaw", "average_rating": "4.2"}}, {"model": "todo.post", "pk": 23, "fields": {"title": "We finally made it !", "content": "<p>Me and my friends have been looking forward this holiday, we made such a great decision coming to Scandic Crown, we heard that the mall next door is amazing, we look forward to go there!</p>", "post_date": "2023-12-10T10:54:37.739", "user": 5, "hotel": 3, "image": "", "slug": "we-finally-made-it"}}, {"model": "todo.post", "pk": 24, "fields": {"title": "Snow and cold", "content": "<p>The weather is too cold i must say its so good that the hotel is very warm, does anyone have any recommendations where we can hang out?</p>", "post_date": "2023-12-10T10:56:00.735", "user": 3, "hotel": 16, "image": "", "slug": "snow-and-cold"}}, {"model": "todo.post", "pk": 25, "fields": {"title": "Dinner", "content": "<p>Loved the dinner here, we are celebrating our anniversary and we are looking forward to visit some musuems in town.</p>", "post_date": "2023-12-10T10:57:11.614", "user": 6, "hotel": 35, "image": "media/post_images/images_2_r297ij", "slug": "dinner"}}, {"model": "todo.post", "pk": 26, "fields": {"title": "New years, a moment to remember", "content": "<p>The town is amazing, it was well prepared for the celebrations!</p>", "post_date": "2023-12-10T10:58:12.966", "user": 7, "hotel": 2, "image": "media/post_images/images_hfu4nj", "slug": "new-years-a-moment-to-remember"}}, {"model": "todo.post", "pk": 27, "fields": {"title": "To be a member is such a great plus!", "content": "<p>We were surprised to receive this amazing welcoming gift since we are members and loyal members in the Scandic hotels. Hope you all enjoy your great welcoming gifts as well.</p>", "post_date": "2023-12-10T10:59:57.516", "user": 4, "hotel": 7, "image": "media/post_images/images_3_ysn3rr", "slug": "to-be-a-member-is-such-a-great-plus"}}, {"model": "todo.post", "pk": 28, "fields": {"title": "Best birthday plans", "content": "<p>Since our weekend happened to be the same weekend as my son's birthday, Scandic was a great help in fixing a birthday table and decorations for my son, we were very happy!</p>", "post_date": "2023-12-10T11:01:45.558", "user": 3, "hotel": 9, "image": "media/post_images/images_1_fdr6um", "slug": "best-birthday-plans"}}, {"model": "todo.reaction", "pk": 4, "fields": {"post": 23, "user": 1, "is_thumb_up": true}}, {"model": "todo.reaction", "pk": 5, "fields": {"post": 25, "user": 7, "is_thumb_up": true}}, {"model": "todo.reaction", "pk": 6, "fields": {"post": 23, "user": 4, "is_thumb_up": true}}, {"model": "todo.reaction", "pk": 7, "fields": {"post": 24, "user": 4, "is_thumb_up": true}}, {"model": "todo.reaction", "pk": 8, "fields": {"post": 28, "user": 4, "is_thumb_up": true}}, {"model": "todo.reaction", "pk": 10, "fields": {"post": 26, "user": 4, "is_thumb_up": true}}, {"model": "todo.reaction", "pk": 11, "fields": {"post": 25, "user": 4, "is_thumb_up": true}}, {"model": "todo.reaction", "pk": 12, "fields": {"post": 27, "user": 4, "is_thumb_up": true}}, {"model": "todo.reaction", "pk": 13, "fields": {"post": 23, "user": 6, "is_thumb_up": true}}, {"model": "todo.reaction", "pk": 14, "fields": {"post": 27, "user": 6, "is_thumb_up": true}}, {"model": "todo.reaction", "pk": 15, "fields": {"post": 28, "user": 1, "is_thumb_up": true}}, {"model": "todo.reaction", "pk": 16, "fields": {"post": 23, "user": 6, "is_thumb_up": true}}, {"model": "todo.reaction", "pk": 17, "fields": {"post": 28, "user": 7, "is_thumb_up": true}}, {"model": "todo.comment", "pk": 18, "fields": {"post": 28, "user": 1, "content": "Looks amazing!", "comment_date": "2023-12-10T11:04:04.447"}}, {"model": "todo.comment", "pk": 19, "fields": {"post": 24, "user": 7, "content": "You should try Pinchos restaurant, its so warmy with all warmth and style and food!", "comment_date": "2023-12-10T11:06:06.179"}}, {"model": "todo.comment", "pk": 20, "fields": {"post": 26, "user": 4, "content": "That looks very nice, me and my family should try it for the next year.", "comment_date": "2023-12-10T11:07:13.943"}}, {"model": "todo.review", "pk": 10, "fields": {"user": 1, "hotel": 3, "review_date": "2023-12-10T11:13:26.890", "content": "The breakfast was amazing", "room_type": "single room", "duration": 3, "spa": true, "breakfast": true}}, {"model": "todo.review", "pk": 11, "fields": {"user": 6, "hotel": 9, "review_date": "2023-12-10T11:13:47.985", "content": "Helpful staff", "room_type": "Double room", "duration": 1, "spa": false, "breakfast": true}}, {"model": "todo.review", "pk": 12, "fields": {"user": 5, "hotel": 4, "review_date": "2023-12-10T11:14:28.193", "content": "Comfy beds", "room_type": "single room", "duration": 1, "spa": false, "breakfast": false}}, {"model": "todo.review", "pk": 13, "fields": {"user": 4, "hotel": 6, "review_date": "2023-12-10T11:14:49.609", "content": "Very recommended", "room_type": "family room", "duration": 2, "spa": true, "breakfast": true}}, {"model": "todo.review", "pk": 14, "fields": {"user": 6, "hotel": 14, "review_date": "2023-12-10T11:17:15.478", "content": "Spa was the best here!", "room_type": "family room", "duration": 1, "spa": true, "breakfast": true}}]